epoch,train_loss,train_acc1,test_loss,test_acc1,test_acc5,gap_loss,lr,epoch_time_s,busy_frac,wait_time_s,peak_mem_mb,mb_sent,msgs_sent,recompute_micro,max_snapshots,bwd_overlap_minibatches,samples,cum_time_s
1,4.34591,4.641,3.89555,9.61,30.32,-0.45036,1.5384615384615384e-05,15.928,0.940|0.841,0.65|1.59,865.8|402.5,3120.0|3120.0,520|260,0|0,0|2,209,49920,15.93
2,3.67597,12.802,3.43293,16.93,43.6,-0.24304,0.004015384615384615,16.265,0.940|0.837,0.69|1.71,862.7|401.6,3120.0|3120.0,520|260,0|0,0|2,178,49920,32.19
3,3.35721,18.103,3.60322,17.05,45.11,0.24601,0.008015384615384615,16.27,0.939|0.817,0.72|2.09,862.7|401.6,3120.0|3120.0,520|260,0|0,0|2,185,49920,48.46
4,3.0509,23.588,3.21362,22.29,51.04,0.16272,0.012015384615384615,16.313,0.931|0.815,0.83|2.16,862.7|402.2,3120.0|3120.0,520|260,0|0,0|2,186,49920,64.78
5,2.75402,29.054,2.78878,29.77,61.74,0.03476,0.016015384615384615,16.418,0.932|0.806,0.83|2.31,862.7|402.0,3120.0|3120.0,520|260,0|0,0|2,183,49920,81.19
6,2.44922,35.385,2.35074,37.33,71.45,-0.09848,0.02,16.22,0.938|0.832,0.72|1.85,862.7|401.8,3120.0|3120.0,520|260,0|0,0|2,198,49920,97.41
7,2.17619,41.296,2.24151,40.36,72.82,0.06532,0.019997946042345126,16.329,0.938|0.823,0.72|1.98,862.7|401.9,3120.0|3120.0,520|260,0|0,0|2,195,49920,113.74
8,1.97014,45.909,2.32761,39.58,71.42,0.35747,0.019991785013128923,16.197,0.933|0.828,0.81|1.88,862.7|402.0,3120.0|3120.0,520|260,0|0,0|2,200,49920,129.94
9,1.81052,49.834,1.98778,46.71,78.2,0.17726,0.01998151944325001,16.18,0.941|0.825,0.66|1.94,862.7|401.6,3120.0|3120.0,520|260,0|0,0|2,191,49920,146.12
10,1.67196,52.977,1.85195,50.32,80.32,0.17999,0.01996715354971755,16.419,0.934|0.810,0.80|2.18,862.7|401.9,3120.0|3120.0,520|260,0|0,0|2,187,49920,162.54
11,1.55908,55.679,2.07385,45.97,76.34,0.51477,0.01994869323391895,16.375,0.936|0.814,0.78|2.14,863.4|401.8,3120.0|3120.0,520|260,0|0,0|2,179,49920,178.91
12,1.45754,58.147,1.69202,53.4,83.28,0.23448,0.019926146079195597,16.392,0.941|0.819,0.67|2.07,862.7|402.0,3120.0|3120.0,520|260,0|0,0|2,189,49920,195.31
13,1.37637,60.266,1.78902,52.07,81.81,0.41265,0.01989952134772769,16.565,0.933|0.807,0.82|2.31,862.7|401.9,3120.0|3120.0,520|260,0|0,0|2,185,49920,211.87
14,1.29379,62.376,1.60494,55.29,84.13,0.31115,0.019868829976729445,16.324,0.941|0.815,0.66|2.09,862.7|401.9,3120.0|3120.0,520|260,0|0,0|2,166,49920,228.2
15,1.22594,64.115,1.62148,55.73,84.11,0.39554,0.019834084573956128,16.369,0.938|0.820,0.71|2.02,863.4|401.6,3120.0|3120.0,520|260,0|0,0|2,195,49920,244.56
16,1.15238,66.064,1.50061,58.76,85.88,0.34822,0.019795299412524944,16.335,0.939|0.820,0.70|2.04,862.7|401.7,3120.0|3120.0,520|260,0|0,0|2,187,49920,260.9
17,1.08849,67.636,1.59001,57.01,84.84,0.50152,0.01975249042505174,16.331,0.933|0.813,0.80|2.17,863.4|401.8,3120.0|3120.0,520|260,0|0,0|2,191,49920,277.23
18,1.02964,69.227,1.62431,57.31,83.95,0.59468,0.019705675197106018,16.494,0.933|0.812,0.82|2.21,862.7|402.0,3120.0|3120.0,520|260,0|0,0|2,180,49920,293.72
19,0.97617,70.533,1.53449,58.69,85.86,0.55832,0.019654872959986937,16.476,0.933|0.809,0.81|2.23,862.7|402.1,3120.0|3120.0,520|260,0|0,0|2,190,49920,310.2
20,0.92597,71.847,1.56468,58.17,86.27,0.6387,0.01960010458282326,16.568,0.923|0.807,0.94|2.25,862.7|402.0,3120.0|3120.0,520|260,0|0,0|2,187,49920,326.77
21,0.87795,73.217,1.56193,59.19,85.55,0.68398,0.01954139256400049,16.438,0.939|0.809,0.72|2.24,862.7|401.7,3120.0|3120.0,520|260,0|0,0|2,151,49920,343.21
22,0.83694,74.419,1.56875,58.86,85.34,0.7318,0.019478761021918728,16.487,0.930|0.814,0.86|2.16,862.7|402.1,3120.0|3120.0,520|260,0|0,0|2,188,49920,359.69
23,0.78322,75.952,1.56163,59.52,85.63,0.77841,0.019412235685085034,16.366,0.938|0.814,0.73|2.15,863.4|401.7,3120.0|3120.0,520|260,0|0,0|2,185,49920,376.06
24,0.74643,77.025,1.55433,59.55,85.86,0.8079,0.019341843881544373,16.462,0.933|0.815,0.84|2.16,862.7|402.1,3120.0|3120.0,520|260,0|0,0|2,196,49920,392.52
25,0.69089,78.498,1.55744,59.21,86.05,0.86655,0.01926761452765349,16.418,0.935|0.815,0.77|2.12,862.7|411.7,3120.0|3120.0,520|260,0|0,0|2,182,49920,408.94
26,0.65715,79.507,1.58682,58.57,86.37,0.92966,0.019189578116202307,16.617,0.926|0.796,0.92|2.47,862.7|401.8,3120.0|3120.0,520|260,0|0,0|2,183,49920,425.56
27,0.63482,80.018,1.49297,61.02,86.99,0.85816,0.019107766703887762,16.47,0.932|0.812,0.80|2.15,862.7|401.8,3120.0|3120.0,520|260,0|0,0|2,189,49920,442.03
28,0.5864,81.454,1.60524,59.84,86.01,1.01883,0.019022213898145176,16.272,0.942|0.821,0.64|2.00,862.7|402.0,3120.0|3120.0,520|260,0|0,0|2,192,49920,458.3
29,0.55553,82.436,1.53096,61.59,86.83,0.97544,0.018932954843342592,16.529,0.934|0.813,0.79|2.20,862.7|401.9,3120.0|3120.0,520|260,0|0,0|2,193,49920,474.83
30,0.53601,82.893,1.56734,60.83,86.07,1.03133,0.01884002620634378,16.313,0.935|0.820,0.77|2.00,862.7|402.0,3120.0|3120.0,520|260,0|0,0|2,188,49920,491.14
31,0.47498,84.842,1.57829,60.65,86.78,1.10332,0.018743466161445822,17.422,0.930|0.779,0.89|2.88,862.7|401.8,3120.0|3120.0,520|260,0|0,0|2,158,49920,508.56
32,0.45468,85.585,1.5924,60.57,86.59,1.13772,0.01864331437469738,17.913,0.926|0.764,0.99|3.19,862.7|402.1,3120.0|3120.0,520|260,0|0,0|2,149,49920,526.48
33,0.42857,86.214,1.62707,61.21,86.66,1.1985,0.018539611987604256,17.504,0.930|0.787,0.89|2.76,863.4|402.0,3120.0|3120.0,520|260,0|0,0|2,162,49920,543.98
34,0.42198,86.528,1.57096,61.86,87.17,1.14899,0.018432401600228823,16.992,0.936|0.798,0.76|2.47,862.7|401.9,3120.0|3120.0,520|260,0|0,0|2,151,49920,560.97
35,0.39284,87.482,1.5747,62.27,87.07,1.18186,0.01832172725369024,17.015,0.936|0.787,0.74|2.67,863.4|402.1,3120.0|3120.0,520|260,0|0,0|2,148,49920,577.99
36,0.36557,88.221,1.57019,62.84,87.34,1.20461,0.018207634412072765,17.468,0.932|0.782,0.86|2.87,862.7|401.9,3120.0|3120.0,520|260,0|0,0|2,158,49920,595.45
37,0.3415,89.111,1.53329,62.96,87.71,1.19179,0.018090169943749474,17.001,0.929|0.790,0.90|2.60,862.7|401.8,3120.0|3120.0,520|260,0|0,0|2,167,49920,612.45
38,0.31925,89.778,1.60199,62.67,87.56,1.28274,0.01796938210212915,17.057,0.931|0.793,0.88|2.59,862.7|401.7,3120.0|3120.0,520|260,0|0,0|2,158,49920,629.51
39,0.31484,90.024,1.60439,62.69,87.22,1.28955,0.017845320505834174,16.949,0.923|0.819,1.00|2.11,862.7|401.9,3120.0|3120.0,520|260,0|0,0|2,148,49920,646.46
40,0.29361,90.663,1.62967,62.28,86.51,1.33607,0.01771803611831762,16.809,0.937|0.800,0.75|2.40,862.7|401.9,3120.0|3120.0,520|260,0|0,0|2,181,49920,663.27
41,0.29351,90.727,1.59012,62.86,87.38,1.29662,0.01758758122692791,16.918,0.925|0.845,0.95|1.67,862.7|401.8,3120.0|3120.0,520|260,0|0,0|2,198,49920,680.19
42,0.26455,91.607,1.59687,63.62,87.22,1.33232,0.0174540094214296,16.893,0.932|0.807,0.82|2.24,862.7|401.7,3120.0|3120.0,520|260,0|0,0|2,174,49920,697.08
43,0.23257,92.796,1.63367,63.06,87.11,1.4011,0.017317375571989157,17.154,0.937|0.786,0.76|2.75,862.7|402.8,3120.0|3120.0,520|260,0|0,0|2,166,49920,714.23
44,0.22981,92.7,1.61375,63.32,86.89,1.38395,0.01717773580663479,17.125,0.933|0.786,0.84|2.69,862.7|402.2,3120.0|3120.0,520|260,0|0,0|2,172,49920,731.36
45,0.22516,92.981,1.59882,63.48,87.58,1.37366,0.01703514748819948,17.462,0.924|0.801,1.02|2.48,862.7|402.0,3120.0|3120.0,520|260,0|0,0|2,171,49920,748.82
46,0.22379,93.013,1.59162,64.23,87.5,1.36783,0.016889669190756868,17.002,0.938|0.791,0.73|2.61,862.7|403.1,3120.0|3120.0,520|260,0|0,0|2,173,49920,765.82
47,0.21061,93.466,1.64986,62.78,86.86,1.43924,0.016741360675559473,16.92,0.938|0.790,0.76|2.66,863.4|402.0,3120.0|3120.0,520|260,0|0,0|2,172,49920,782.74
48,0.20353,93.756,1.66738,62.83,86.8,1.46385,0.01659028286648932,17.097,0.923|0.857,1.03|1.51,862.7|401.9,3120.0|3120.0,520|260,0|0,0|2,188,49920,799.84
49,0.1973,93.9,1.62693,64.35,87.49,1.42963,0.016436497825030885,16.956,0.929|0.795,0.89|2.53,862.7|401.7,3120.0|3120.0,520|260,0|0,0|2,179,49920,816.8
50,0.17546,94.605,1.67284,63.36,86.51,1.49737,0.016280068724776796,16.985,0.933|0.797,0.83|2.52,862.7|401.7,3120.0|3120.0,520|260,0|0,0|2,166,49920,833.78
51,0.17826,94.537,1.64921,63.65,87.21,1.47096,0.016121059825476628,17.476,0.936|0.779,0.79|2.86,863.4|401.9,3120.0|3120.0,520|260,0|0,0|2,165,49920,851.26
52,0.16458,94.886,1.63097,63.84,87.58,1.46638,0.015959536446639572,17.512,0.933|0.773,0.84|3.03,862.7|402.0,3120.0|3120.0,520|260,0|0,0|2,169,49920,868.77
53,0.15115,95.509,1.6229,63.34,87.02,1.47175,0.0157955649407017,17.173,0.935|0.793,0.80|2.62,862.7|401.9,3120.0|3120.0,520|260,0|0,0|2,172,49920,885.94
54,0.14607,95.565,1.60961,64.94,87.65,1.46354,0.015629212665768978,17.005,0.928|0.791,0.91|2.60,862.7|401.9,3120.0|3120.0,520|260,0|0,0|2,176,49920,902.95
55,0.13574,96.01,1.62318,63.79,87.71,1.48743,0.015460547957947103,17.061,0.932|0.788,0.85|2.66,862.7|401.6,3120.0|3120.0,520|260,0|0,0|2,165,49920,920.01
56,0.13549,95.895,1.60784,64.81,87.41,1.47235,0.015289640103269624,17.216,0.927|0.783,0.95|2.78,862.7|402.1,3120.0|3120.0,520|260,0|0,0|2,135,49920,937.22
57,0.13305,96.06,1.58581,65.63,87.96,1.45276,0.015116559309235824,16.93,0.935|0.794,0.78|2.52,862.7|401.8,3120.0|3120.0,520|260,0|0,0|2,148,49920,954.15
58,0.12915,96.276,1.60449,64.96,87.44,1.47534,0.014941376675970057,17.034,0.933|0.789,0.85|2.66,862.7|402.3,3120.0|3120.0,520|260,0|0,0|2,170,49920,971.19
59,0.13081,96.052,1.60153,64.68,88.0,1.47073,0.01476416416701445,17.267,0.930|0.783,0.90|2.81,862.7|401.6,3120.0|3120.0,520|260,0|0,0|2,169,49920,988.46
60,0.13196,96.034,1.5964,65.18,87.87,1.46445,0.014584994579766863,17.13,0.938|0.797,0.74|2.50,862.7|402.0,3120.0|3120.0,520|260,0|0,0|2,156,49920,1005.59
61,0.11134,96.885,1.61645,65.16,87.56,1.50511,0.014403941515576344,17.323,0.934|0.787,0.82|2.73,862.7|402.1,3120.0|3120.0,520|260,0|0,0|2,166,49920,1022.91
62,0.10949,96.955,1.55994,65.16,87.89,1.45045,0.01422107934950832,17.234,0.922|0.840,1.04|1.82,862.7|401.7,3120.0|3120.0,520|260,0|0,0|2,196,49920,1040.14
63,0.11999,96.528,1.58531,64.67,87.1,1.46532,0.014036483199791948,16.92,0.932|0.796,0.84|2.54,862.7|401.8,3120.0|3120.0,520|260,0|0,0|2,166,49920,1057.06
64,0.09929,97.173,1.51824,65.91,88.44,1.41895,0.013850228896962177,17.281,0.933|0.781,0.85|2.86,862.7|402.9,3120.0|3120.0,520|260,0|0,0|2,162,49920,1074.34
65,0.09429,97.408,1.54753,65.41,88.18,1.45324,0.013662392952709228,17.219,0.927|0.780,0.95|2.82,862.7|401.8,3120.0|3120.0,520|260,0|0,0|2,171,49920,1091.56
66,0.09115,97.456,1.60307,65.09,87.68,1.51192,0.013473052528448201,16.936,0.938|0.790,0.73|2.67,862.7|401.7,3120.0|3120.0,520|260,0|0,0|2,177,49920,1108.5
67,0.0797,97.899,1.54874,66.45,88.24,1.46903,0.013282285403621863,17.109,0.931|0.784,0.84|2.72,862.7|402.0,3120.0|3120.0,520|260,0|0,0|2,140,49920,1125.61
68,0.06709,98.189,1.54319,65.87,88.16,1.4761,0.013090169943749475,17.165,0.928|0.787,0.95|2.72,863.4|402.5,3120.0|3120.0,520|260,0|0,0|2,168,49920,1142.77
69,0.07374,97.999,1.56588,65.91,88.25,1.49215,0.012896785068234924,17.344,0.925|0.782,0.97|2.79,862.7|402.0,3120.0|3120.0,520|260,0|0,0|2,116,49920,1160.12
70,0.06445,98.327,1.55801,66.2,88.09,1.49356,0.012702210217947287,17.207,0.929|0.783,0.90|2.77,862.7|402.1,3120.0|3120.0,520|260,0|0,0|2,152,49920,1177.32
71,0.06649,98.227,1.56639,66.19,87.97,1.4999,0.012506525322587206,17.259,0.924|0.779,1.00|2.87,862.7|402.1,3120.0|3120.0,520|260,0|0,0|2,137,49920,1194.58
72,0.05625,98.612,1.52749,66.15,88.21,1.47124,0.012309810767852434,17.144,0.925|0.792,0.98|2.59,863.4|402.1,3120.0|3120.0,520|260,0|0,0|2,163,49920,1211.73
73,0.05702,98.56,1.49358,66.98,88.65,1.43655,0.012112147362416075,16.857,0.929|0.801,0.88|2.41,862.7|401.7,3120.0|3120.0,520|260,0|0,0|2,176,49920,1228.58
74,0.05428,98.66,1.51899,66.78,88.52,1.46471,0.011913616304731063,17.201,0.937|0.790,0.74|2.64,862.7|401.9,3120.0|3120.0,520|260,0|0,0|2,165,49920,1245.78
75,0.04764,98.816,1.47752,67.47,88.54,1.42988,0.011714299149674536,17.035,0.938|0.788,0.76|2.71,862.7|401.7,3120.0|3120.0,520|260,0|0,0|2,174,49920,1262.82
76,0.03621,99.197,1.47056,67.82,89.26,1.43435,0.011514277775045767,17.613,0.942|0.772,0.72|3.08,862.7|402.0,3120.0|3120.0,520|260,0|0,0|2,174,49920,1280.43
77,0.03235,99.321,1.44079,68.06,89.36,1.40844,0.011313634347931464,17.118,0.931|0.794,0.87|2.58,862.7|401.8,3120.0|3120.0,520|260,0|0,0|2,172,49920,1297.55
78,0.0285,99.399,1.42478,68.36,89.24,1.39627,0.011112451290952237,17.179,0.931|0.778,0.91|2.86,862.7|402.1,3120.0|3120.0,520|260,0|0,0|2,169,49920,1314.73
79,0.02471,99.521,1.41615,68.51,89.27,1.39145,0.010910811248404064,17.127,0.937|0.787,0.77|2.69,862.7|401.9,3120.0|3120.0,520|260,0|0,0|2,176,49920,1331.86
80,0.02443,99.537,1.42476,68.79,89.23,1.40033,0.01070879705230873,16.874,0.931|0.793,0.89|2.56,862.7|401.8,3120.0|3120.0,520|260,0|0,0|2,176,49920,1348.73
81,0.02447,99.543,1.4035,68.83,89.6,1.37903,0.010506491688387128,17.159,0.927|0.793,0.95|2.57,862.7|402.1,3120.0|3120.0,520|260,0|0,0|2,165,49920,1365.89
82,0.02268,99.591,1.39765,68.98,89.68,1.37497,0.010303978261969429,17.096,0.928|0.790,0.94|2.66,862.7|402.0,3120.0|3120.0,520|260,0|0,0|2,166,49920,1382.99
83,0.01948,99.647,1.36148,69.3,89.64,1.342,0.01010133996385611,17.021,0.933|0.794,0.85|2.57,862.7|401.7,3120.0|3120.0,520|260,0|0,0|2,158,49920,1400.01
84,0.01814,99.659,1.3953,69.1,89.4,1.37716,0.009898660036143894,17.15,0.930|0.781,0.90|2.79,863.4|402.2,3120.0|3120.0,520|260,0|0,0|2,175,49920,1417.16
85,0.01639,99.714,1.35731,69.63,89.76,1.34093,0.009696021738030575,16.996,0.934|0.793,0.81|2.62,862.7|402.1,3120.0|3120.0,520|260,0|0,0|2,175,49920,1434.15
86,0.01765,99.7,1.36847,69.2,89.76,1.35082,0.009493508311612874,17.188,0.929|0.790,0.89|2.63,862.7|402.1,3120.0|3120.0,520|260,0|0,0|2,174,49920,1451.34
87,0.01284,99.848,1.32617,69.75,90.21,1.31333,0.009291202947691271,17.053,0.925|0.790,0.97|2.63,862.7|402.0,3120.0|3120.0,520|260,0|0,0|2,163,49920,1468.39
88,0.01267,99.81,1.33209,69.84,90.08,1.31942,0.009089188751595936,17.278,0.931|0.781,0.88|2.81,862.7|401.9,3120.0|3120.0,520|260,0|0,0|2,156,49920,1485.67
89,0.01152,99.86,1.31445,69.88,90.4,1.30293,0.008887548709047765,17.034,0.926|0.795,0.93|2.50,862.7|411.5,3120.0|3120.0,520|260,0|0,0|2,169,49920,1502.71
90,0.01075,99.872,1.30748,69.88,90.13,1.29673,0.008686365652068536,17.171,0.927|0.806,0.95|2.40,862.7|401.7,3120.0|3120.0,520|260,0|0,0|2,187,49920,1519.88
91,0.0099,99.864,1.30719,69.8,90.53,1.29729,0.008485722224954237,16.923,0.934|0.806,0.81|2.32,862.7|401.8,3120.0|3120.0,520|260,0|0,0|2,185,49920,1536.8
92,0.00903,99.888,1.2924,70.25,90.36,1.28337,0.008285700850325466,16.91,0.929|0.796,0.90|2.40,862.7|402.0,3120.0|3120.0,520|260,0|0,0|2,184,49920,1553.71
93,0.00895,99.884,1.27458,70.18,90.55,1.26564,0.008086383695268937,17.386,0.931|0.779,0.88|2.89,862.7|402.1,3120.0|3120.0,520|260,0|0,0|2,165,49920,1571.1
94,0.00877,99.902,1.25459,70.49,90.77,1.24582,0.007887852637583927,16.959,0.941|0.792,0.69|2.61,862.7|401.8,3120.0|3120.0,520|260,0|0,0|2,181,49920,1588.06
95,0.00732,99.914,1.25048,70.93,90.74,1.24316,0.007690189232147566,17.203,0.933|0.784,0.81|2.74,862.7|401.8,3120.0|3120.0,520|260,0|0,0|2,172,49920,1605.26
96,0.00745,99.934,1.23587,71.12,90.74,1.22842,0.007493474677412793,16.868,0.929|0.804,0.90|2.37,862.7|402.0,3120.0|3120.0,520|260,0|0,0|2,177,49920,1622.13
97,0.00642,99.944,1.23812,70.91,90.75,1.23169,0.007297789782052716,17.042,0.932|0.791,0.86|2.62,862.7|401.7,3120.0|3120.0,520|260,0|0,0|2,175,49920,1639.17
98,0.007,99.92,1.2412,70.37,90.62,1.23419,0.007103214931765079,16.822,0.931|0.803,0.84|2.38,862.7|411.5,3120.0|3120.0,520|260,0|0,0|2,175,49920,1655.99
99,0.00686,99.928,1.23084,70.73,90.88,1.22398,0.006909830056250526,16.97,0.933|0.790,0.84|2.59,862.7|401.8,3120.0|3120.0,520|260,0|0,0|2,178,49920,1672.96
100,0.00642,99.94,1.22,71.31,90.81,1.21358,0.0067177145963781375,17.363,0.928|0.780,0.93|2.87,862.7|402.0,3120.0|3120.0,520|260,0|0,0|2,168,49920,1690.32
101,0.00613,99.948,1.22485,70.86,90.76,1.21872,0.0065269474715517984,16.958,0.936|0.801,0.78|2.44,862.7|402.5,3120.0|3120.0,520|260,0|0,0|2,175,49920,1707.28
102,0.00585,99.948,1.21765,70.92,90.9,1.2118,0.006337607047290773,17.28,0.925|0.784,0.98|2.75,862.7|401.9,3120.0|3120.0,520|260,0|0,0|2,159,49920,1724.56
103,0.00605,99.942,1.21124,71.29,91.15,1.20519,0.00614977110303782,17.138,0.927|0.782,0.95|2.76,862.7|401.8,3120.0|3120.0,520|260,0|0,0|2,175,49920,1741.7
104,0.00551,99.95,1.20685,71.45,90.97,1.20134,0.005963516800208056,16.853,0.942|0.796,0.68|2.55,862.7|401.9,3120.0|3120.0,520|260,0|0,0|2,174,49920,1758.55
105,0.00595,99.936,1.20293,71.28,91.01,1.19698,0.005778920650491681,17.087,0.937|0.799,0.78|2.51,862.7|401.7,3120.0|3120.0,520|260,0|0,0|2,176,49920,1775.64
106,0.00546,99.96,1.19913,71.27,91.18,1.19367,0.005596058484423656,16.867,0.939|0.797,0.73|2.47,862.7|402.0,3120.0|3120.0,520|260,0|0,0|2,174,49920,1792.51
107,0.00568,99.958,1.19847,71.46,91.06,1.1928,0.005415005420233141,17.256,0.931|0.782,0.87|2.80,862.7|401.8,3120.0|3120.0,520|260,0|0,0|2,165,49920,1809.76
108,0.00565,99.95,1.19747,71.24,90.93,1.19181,0.0052358358329855515,16.865,0.938|0.800,0.75|2.45,862.7|402.1,3120.0|3120.0,520|260,0|0,0|2,175,49920,1826.63
109,0.00584,99.942,1.19066,71.24,91.11,1.18482,0.005058623324029944,17.245,0.926|0.780,0.97|2.82,863.4|402.0,3120.0|3120.0,520|260,0|0,0|2,169,49920,1843.87
110,0.00555,99.954,1.18919,71.61,91.18,1.18365,0.004883440690764178,17.056,0.928|0.793,0.92|2.59,862.7|401.7,3120.0|3120.0,520|260,0|0,0|2,171,49920,1860.93
111,0.00548,99.95,1.18526,71.41,91.17,1.17978,0.004710359896730378,17.012,0.930|0.787,0.90|2.67,863.4|402.1,3120.0|3120.0,520|260,0|0,0|2,177,49920,1877.94
112,0.00532,99.958,1.18474,71.36,91.09,1.17942,0.0045394520420529005,17.267,0.935|0.783,0.82|2.82,862.7|401.7,3120.0|3120.0,520|260,0|0,0|2,155,49920,1895.21
113,0.00531,99.956,1.18277,71.31,91.26,1.17746,0.004370787334231026,17.057,0.930|0.789,0.89|2.65,863.4|401.5,3120.0|3120.0,520|260,0|0,0|2,168,49920,1912.26
114,0.00523,99.958,1.18261,71.36,91.34,1.17738,0.004204435059298303,17.248,0.928|0.788,0.92|2.70,862.7|402.1,3120.0|3120.0,520|260,0|0,0|2,165,49920,1929.51
115,0.00538,99.954,1.18362,71.55,91.19,1.17825,0.004040463553360431,17.066,0.931|0.787,0.88|2.65,862.7|402.0,3120.0|3120.0,520|260,0|0,0|2,170,49920,1946.58
116,0.00514,99.958,1.17957,71.38,91.31,1.17443,0.003878940174523371,17.235,0.930|0.785,0.89|2.73,862.7|402.0,3120.0|3120.0,520|260,0|0,0|2,164,49920,1963.81
117,0.00533,99.968,1.18058,71.38,91.28,1.17525,0.003719931275223205,17.223,0.929|0.783,0.92|2.78,862.7|402.0,3120.0|3120.0,520|260,0|0,0|2,174,49920,1981.04
118,0.00535,99.964,1.17624,71.45,91.2,1.17089,0.0035635021749691165,17.077,0.932|0.786,0.86|2.71,862.7|402.0,3120.0|3120.0,520|260,0|0,0|2,159,49920,1998.11
119,0.00526,99.96,1.17335,71.62,91.23,1.16809,0.0034097171335106826,17.086,0.935|0.791,0.80|2.60,862.7|402.4,3120.0|3120.0,520|260,0|0,0|2,169,49920,2015.2
120,0.00535,99.954,1.17153,71.66,91.14,1.16617,0.0032586393244405268,17.07,0.928|0.788,0.92|2.68,863.4|401.9,3120.0|3120.0,520|260,0|0,0|2,175,49920,2032.27
121,0.00528,99.956,1.17339,71.7,91.15,1.16811,0.0031103308092431336,17.291,0.929|0.781,0.90|2.81,863.4|401.9,3120.0|3120.0,520|260,0|0,0|2,158,49920,2049.56
122,0.00519,99.964,1.17083,71.76,91.33,1.16564,0.0029648525118005187,16.907,0.933|0.797,0.81|2.46,863.4|401.8,3120.0|3120.0,520|260,0|0,0|2,176,49920,2066.47
123,0.00511,99.958,1.1712,71.55,91.2,1.16609,0.0028222641933652115,17.245,0.930|0.780,0.90|2.86,862.7|401.7,3120.0|3120.0,520|260,0|0,0|2,170,49920,2083.71
124,0.0051,99.968,1.17204,71.56,91.21,1.16694,0.0026826244280108436,17.136,0.934|0.785,0.82|2.72,862.7|401.9,3120.0|3120.0,520|260,0|0,0|2,162,49920,2100.85
125,0.00515,99.958,1.16969,71.72,91.28,1.16455,0.002545990578570404,16.922,0.934|0.794,0.82|2.59,862.7|401.9,3120.0|3120.0,520|260,0|0,0|2,170,49920,2117.77
126,0.00528,99.954,1.16958,71.57,91.19,1.1643,0.0024124187730720915,17.982,0.925|0.759,1.03|3.32,863.4|401.8,3120.0|3120.0,520|260,0|0,0|2,132,49920,2135.75
127,0.00489,99.962,1.16495,71.78,91.24,1.16006,0.0022819638816823796,16.933,0.931|0.796,0.87|2.59,862.7|401.7,3120.0|3120.0,520|260,0|0,0|2,175,49920,2152.69
128,0.0049,99.968,1.16462,71.83,91.16,1.15972,0.002154679494165829,17.242,0.936|0.782,0.80|2.79,863.4|401.8,3120.0|3120.0,520|260,0|0,0|2,184,49920,2169.93
129,0.00498,99.97,1.16317,71.69,91.35,1.15819,0.002030617897870851,17.15,0.928|0.782,0.93|2.81,863.4|401.6,3120.0|3120.0,520|260,0|0,0|2,167,49920,2187.08
130,0.00499,99.968,1.16534,71.78,91.24,1.16036,0.0019098300562505265,17.29,0.921|0.803,1.04|2.45,863.4|401.9,3120.0|3120.0,520|260,0|0,0|2,166,49920,2204.37
131,0.005,99.964,1.16494,71.7,91.29,1.15995,0.0017923655879272394,16.998,0.933|0.799,0.83|2.48,862.7|402.7,3120.0|3120.0,520|260,0|0,0|2,143,49920,2221.37
132,0.0049,99.97,1.16062,72.02,91.38,1.15572,0.0016782727463097624,16.858,0.932|0.790,0.85|2.63,862.7|401.8,3120.0|3120.0,520|260,0|0,0|2,144,49920,2238.22
133,0.0049,99.964,1.15968,71.7,91.32,1.15478,0.0015675983997711796,17.102,0.932|0.796,0.84|2.51,862.7|401.9,3120.0|3120.0,520|260,0|0,0|2,167,49920,2255.33
134,0.00501,99.962,1.16335,71.9,91.31,1.15835,0.0014603880123957448,16.869,0.933|0.798,0.82|2.42,863.4|401.7,3120.0|3120.0,520|260,0|0,0|2,188,49920,2272.19
135,0.005,99.962,1.16357,71.79,91.51,1.15857,0.001356685625302625,17.318,0.927|0.810,0.95|2.39,862.7|402.1,3120.0|3120.0,520|260,0|0,0|2,178,49920,2289.51
136,0.00502,99.96,1.15819,71.95,91.29,1.15317,0.0012565338385541792,17.009,0.928|0.791,0.91|2.65,862.7|402.0,3120.0|3120.0,520|260,0|0,0|2,170,49920,2306.52
137,0.00489,99.96,1.16098,71.94,91.28,1.15609,0.0011599737936562149,17.032,0.918|0.865,1.09|1.35,862.7|401.9,3120.0|3120.0,520|260,0|0,0|2,203,49920,2323.55
138,0.00489,99.968,1.16049,71.87,91.49,1.1556,0.00106704515665741,17.004,0.938|0.798,0.76|2.53,862.7|402.3,3120.0|3120.0,520|260,0|0,0|2,148,49920,2340.56
139,0.00489,99.968,1.15976,71.91,91.31,1.15487,0.0009777861018548252,16.92,0.940|0.801,0.68|2.47,863.4|401.6,3120.0|3120.0,520|260,0|0,0|2,182,49920,2357.48
140,0.00479,99.968,1.16015,71.85,91.32,1.15536,0.000892233296112236,17.296,0.927|0.780,0.93|2.88,862.7|401.8,3120.0|3120.0,520|260,0|0,0|2,168,49920,2374.77
141,0.00491,99.968,1.15965,71.91,91.32,1.15474,0.000810421883797694,17.179,0.927|0.790,0.95|2.67,863.4|402.3,3120.0|3120.0,520|260,0|0,0|2,179,49920,2391.95
142,0.00488,99.968,1.16424,71.85,91.3,1.15936,0.000732385472346514,17.096,0.930|0.785,0.89|2.75,862.7|402.0,3120.0|3120.0,520|260,0|0,0|2,133,49920,2409.05
143,0.0048,99.972,1.15763,71.93,91.38,1.15282,0.0006581561184556295,16.879,0.937|0.798,0.77|2.49,862.7|401.9,3120.0|3120.0,520|260,0|0,0|2,174,49920,2425.93
144,0.00487,99.968,1.15883,71.79,91.44,1.15396,0.000587764314914967,16.806,0.929|0.795,0.89|2.55,862.7|401.8,3120.0|3120.0,520|260,0|0,0|2,175,49920,2442.73
145,0.00473,99.982,1.15675,71.84,91.38,1.15202,0.0005212389780812732,17.291,0.920|0.816,1.07|2.18,862.7|401.8,3120.0|3120.0,520|260,0|0,0|2,180,49920,2460.02
146,0.00474,99.98,1.15807,71.88,91.35,1.15333,0.0004586074359995118,16.952,0.927|0.792,0.93|2.59,862.7|401.8,3120.0|3120.0,520|260,0|0,0|2,133,49920,2476.98
147,0.00475,99.976,1.15866,71.99,91.33,1.15391,0.00039989541717674215,17.386,0.921|0.778,1.05|2.90,862.7|411.6,3120.0|3120.0,520|260,0|0,0|2,157,49920,2494.36
148,0.00479,99.98,1.15873,71.94,91.34,1.15394,0.0003451270400130646,17.011,0.932|0.792,0.83|2.62,863.4|402.0,3120.0|3120.0,520|260,0|0,0|2,177,49920,2511.37
149,0.00471,99.962,1.16003,71.89,91.27,1.15532,0.00029432480289398377,17.236,0.928|0.795,0.93|2.62,862.7|401.8,3120.0|3120.0,520|260,0|0,0|2,142,49920,2528.61
150,0.00463,99.98,1.15465,71.98,91.39,1.15002,0.0002475095749482603,17.183,0.930|0.787,0.89|2.73,863.4|401.7,3120.0|3120.0,520|260,0|0,0|2,124,49920,2545.79
151,0.00482,99.976,1.1578,71.89,91.39,1.15298,0.00020470058747505516,17.01,0.937|0.785,0.76|2.74,862.7|401.9,3120.0|3120.0,520|260,0|0,0|2,175,49920,2562.8
152,0.00475,99.97,1.15627,71.94,91.47,1.15152,0.00016591542604387443,17.193,0.935|0.793,0.81|2.63,862.7|401.9,3120.0|3120.0,520|260,0|0,0|2,171,49920,2580.0
153,0.00486,99.96,1.1593,71.92,91.33,1.15444,0.00013117002327055926,16.962,0.932|0.791,0.84|2.63,863.4|401.8,3120.0|3120.0,520|260,0|0,0|2,174,49920,2596.96
154,0.00481,99.978,1.1582,71.86,91.38,1.15339,0.0001004786522723089,17.276,0.927|0.805,0.95|2.44,862.7|401.9,3120.0|3120.0,520|260,0|0,0|2,175,49920,2614.23
155,0.00479,99.968,1.15546,71.96,91.35,1.15067,7.385392080440534e-05,17.105,0.934|0.788,0.83|2.64,863.4|402.0,3120.0|3120.0,520|260,0|0,0|2,176,49920,2631.34
156,0.00484,99.976,1.1584,71.87,91.39,1.15356,5.130676608104845e-05,17.126,0.928|0.785,0.93|2.78,862.7|402.0,3120.0|3120.0,520|260,0|0,0|2,165,49920,2648.46
157,0.00484,99.964,1.15886,71.95,91.25,1.15401,3.2846450282447705e-05,17.094,0.935|0.783,0.78|2.76,863.4|401.9,3120.0|3120.0,520|260,0|0,0|2,167,49920,2665.56
158,0.00467,99.974,1.15981,71.96,91.38,1.15515,1.8480556749991273e-05,16.817,0.931|0.810,0.86|2.29,862.7|402.4,3120.0|3120.0,520|260,0|0,0|2,172,49920,2682.38
159,0.00471,99.978,1.15727,72.07,91.44,1.15256,8.214986871076801e-06,17.1,0.933|0.793,0.85|2.57,862.7|402.2,3120.0|3120.0,520|260,0|0,0|2,175,49920,2699.48
160,0.00458,99.98,1.16237,71.78,91.34,1.15779,2.0539576548717075e-06,16.916,0.931|0.793,0.87|2.56,862.7|402.3,3120.0|3120.0,520|260,0|0,0|2,158,49920,2716.39
