epoch,train_loss,train_acc1,test_loss,test_acc1,test_acc5,gap_loss,lr,wall_time_s,data_time_s,est_pipe_time_s,est_pipe_time_comm_s,peak_mem_mb,stage_mem_mb,max_weight_versions,v_max,samples,cum_wall_s,cum_est_pipe_s,overfit_warn
1,4.14935,6.903,3.86927,10.61,33.47,-0.28008,3.846153846153846e-05,34.083,1.135,19.641,19.864,3415.4,13.2|76.0,2|1,1,49920,34.08,19.64,0
2,3.50608,15.589,3.46195,17.61,45.38,-0.04414,0.010038461538461538,28.593,1.709,14.362,14.602,671.9,13.2|76.0,2|1,1,49920,62.68,34.0,0
3,3.11838,22.368,4.03529,14.88,41.43,0.91691,0.02003846153846154,29.637,3.514,14.548,14.766,671.9,13.2|76.0,2|1,1,49920,92.31,48.55,0
4,2.77498,29.056,3.06386,26.33,56.73,0.28889,0.030038461538461538,29.199,1.459,14.771,14.961,641.2,13.2|76.0,2|1,1,49920,121.51,63.32,0
5,2.45184,35.142,2.78568,30.62,61.7,0.33384,0.040038461538461544,28.572,0.717,14.399,14.641,634.9,13.2|76.0,2|1,1,49920,150.08,77.72,0
6,2.20218,40.555,2.31349,39.76,71.39,0.11131,0.05,29.051,3.472,14.59,14.809,672.7,13.2|76.0,2|1,1,49920,179.13,92.31,0
7,1.96336,46.146,2.09793,43.91,75.82,0.13458,0.04999486510586282,29.823,3.172,14.542,14.773,641.2,13.2|76.0,2|1,1,49920,208.96,106.85,0
8,1.79564,49.856,2.04397,45.54,76.61,0.24833,0.04997946253282231,29.905,3.58,14.632,14.819,671.9,13.2|76.0,2|1,1,49920,238.86,121.49,0
9,1.66346,53.189,1.86144,49.47,79.53,0.19798,0.04995379860812502,28.788,3.353,14.452,14.687,671.9,13.2|76.0,2|1,1,49920,267.65,135.94,0
10,1.56935,55.403,1.84275,49.56,80.78,0.2734,0.049917883874293884,28.754,0.663,14.511,14.727,634.9,13.2|76.0,2|1,1,49920,296.41,150.45,0
11,1.47504,57.752,1.76437,52.0,81.84,0.28933,0.04987173308479738,29.29,3.406,14.705,14.906,671.9,13.2|76.0,2|1,1,49920,325.7,165.15,0
12,1.39969,59.627,1.77834,52.11,81.27,0.37865,0.04981536519798899,29.762,3.55,14.469,14.694,671.9,13.2|76.0,2|1,1,49920,355.46,179.62,0
13,1.34677,60.99,1.72543,53.74,82.52,0.37866,0.04974880336931923,29.9,3.807,14.649,14.838,671.9,13.2|76.0,2|1,1,49920,385.36,194.27,0
14,1.28111,62.544,1.68891,54.6,82.32,0.4078,0.04967207494182361,29.486,2.872,14.696,14.869,671.9,13.2|76.0,2|1,1,49920,414.84,208.97,0
15,1.23996,63.78,1.60375,56.43,83.94,0.36378,0.04958521143489032,29.043,2.592,14.694,14.866,671.9,13.2|76.0,2|1,1,49920,443.89,223.66,0
16,1.17776,65.413,1.84189,51.63,80.27,0.66413,0.04948824853131237,29.351,3.491,14.693,14.874,671.9,13.2|76.0,2|1,1,49920,473.24,238.35,0
17,1.14463,66.394,1.69899,54.84,82.8,0.55436,0.04938122606262935,29.752,3.49,14.515,14.735,671.9,13.2|76.0,2|1,1,49920,502.99,252.87,0
18,1.10753,67.192,1.81773,53.12,81.31,0.71019,0.049264187992765045,29.76,3.72,14.534,14.756,671.9,13.2|76.0,2|1,1,49920,532.75,267.4,0
19,1.06632,68.319,1.96985,50.16,79.35,0.90353,0.04913718239996734,29.275,3.217,14.668,14.848,671.9,13.2|76.0,2|1,1,49920,562.02,282.07,0
20,1.03792,69.067,1.66594,56.0,83.48,0.62801,0.04900026145705815,29.029,0.432,14.685,14.865,634.9,13.2|76.0,2|1,1,49920,591.05,296.76,0
21,1.01287,69.752,1.54882,58.58,85.18,0.53595,0.048853481410001225,29.123,2.29,14.624,14.827,671.7,13.2|76.0,2|1,1,49920,620.18,311.38,0
22,0.97346,70.655,1.97886,50.78,79.01,1.0054,0.04869690255479682,29.723,3.143,14.585,14.781,641.2,13.2|76.0,2|1,1,49920,649.9,325.97,0
23,0.95302,71.466,1.68366,56.26,83.99,0.73065,0.04853058921271258,29.261,2.48,14.54,14.761,672.7,13.2|76.0,2|1,1,49920,679.16,340.51,0
24,0.93254,72.135,1.63772,57.69,84.49,0.70518,0.048354609703860935,28.838,2.32,14.46,14.702,641.2,13.2|76.0,2|1,1,49920,708.0,354.97,0
25,0.91132,72.46,1.80899,53.77,81.65,0.89767,0.04816903631913372,28.854,0.6,14.568,14.785,634.9,13.2|76.0,2|1,1,49920,736.85,369.53,0
26,0.88421,73.287,1.91382,53.01,80.81,1.02961,0.04797394529050577,29.221,4.207,14.646,14.838,672.7,13.2|76.0,2|1,1,49920,766.07,384.18,0
27,0.86263,73.916,2.21158,49.87,78.29,1.34895,0.04776941675971941,29.797,3.813,14.486,14.719,671.9,13.2|76.0,2|1,1,49920,795.87,398.67,1
28,0.83536,74.617,1.59676,59.11,85.92,0.7614,0.04755553474536294,29.756,3.519,14.493,14.704,671.9,13.2|76.0,2|1,1,49920,825.63,413.16,0
29,0.82136,74.92,1.53359,60.67,85.99,0.71223,0.04733238710835648,29.259,3.231,14.634,14.834,671.9,13.2|76.0,2|1,1,49920,854.88,427.79,0
30,0.7931,75.805,1.82553,55.06,83.0,1.03243,0.04710006551585946,28.817,0.815,14.526,14.742,672.7,13.2|76.0,2|1,1,49920,883.7,442.32,0
31,0.77257,76.276,1.8737,54.83,81.52,1.10113,0.04685866540361455,29.041,4.33,14.529,14.747,671.9,13.2|76.0,2|1,1,49920,912.74,456.85,0
32,0.75647,76.881,1.81234,55.75,83.02,1.05587,0.046608285936743446,29.957,3.303,14.624,14.823,634.9,13.2|76.0,2|1,1,49920,942.7,471.47,0
33,0.7541,76.895,1.67551,58.1,84.92,0.92141,0.04634902996901064,29.896,3.418,14.611,14.818,671.9,13.2|76.0,2|1,1,49920,972.6,486.08,0
34,0.71517,77.907,1.69951,58.07,84.4,0.98434,0.04608100400057206,29.144,1.771,14.622,14.823,634.9,13.2|76.0,2|1,1,49920,1001.74,500.7,0
35,0.70907,78.059,1.90375,54.4,81.56,1.19467,0.0458043181342256,28.969,1.958,14.648,14.837,672.7,13.2|76.0,2|1,1,49920,1030.71,515.35,0
36,0.6651,79.201,1.61944,58.81,85.63,0.95433,0.04551908603018191,29.709,4.943,14.602,14.801,672.7,13.2|76.0,2|1,1,49920,1060.42,529.95,0
37,0.69267,78.734,1.6503,59.22,84.85,0.95763,0.04522542485937369,29.783,3.957,14.511,14.749,671.9,13.2|76.0,2|1,1,49920,1090.2,544.47,0
38,0.6397,80.186,1.733,57.9,84.43,1.0933,0.044923455255322875,29.798,3.843,14.588,14.8,671.9,13.2|76.0,2|1,1,49920,1120.0,559.05,0
39,0.62826,80.491,1.9179,55.17,82.03,1.28964,0.04461330126458544,29.251,2.026,14.688,14.867,634.9,13.2|76.0,2|1,1,49920,1149.25,573.74,0
40,0.61485,80.885,1.87513,55.69,83.24,1.26028,0.04429509029579405,28.637,2.946,14.438,14.683,672.7,13.2|76.0,2|1,1,49920,1177.89,588.18,0
41,0.62502,80.695,1.8361,57.02,83.15,1.21108,0.04396895306731977,29.131,4.261,14.476,14.702,671.9,13.2|76.0,2|1,1,49920,1207.02,602.65,0
42,0.59458,81.37,2.04007,54.15,80.63,1.44549,0.043635023553573994,30.052,3.443,14.63,14.821,671.9,13.2|76.0,2|1,1,49920,1237.07,617.28,0
43,0.58176,81.949,1.81195,56.65,83.81,1.2302,0.043293438929972894,29.586,3.095,14.521,14.741,671.8,13.2|76.0,2|1,1,49920,1266.66,631.81,0
44,0.55847,82.402,1.74242,58.95,85.07,1.18395,0.04294433951658697,28.739,0.966,14.503,14.729,671.9,13.2|76.0,2|1,1,49920,1295.39,646.31,0
45,0.53438,83.141,1.81495,57.47,83.81,1.28057,0.0425878687204987,28.892,1.944,14.599,14.8,671.9,13.2|76.0,2|1,1,49920,1324.29,660.91,0
46,0.53731,83.091,1.62614,60.12,85.46,1.08883,0.04222417297689217,29.294,3.326,14.622,14.82,671.9,13.2|76.0,2|1,1,49920,1353.58,675.53,0
47,0.52124,83.598,1.68954,59.65,85.18,1.1683,0.041853401688898687,29.522,3.711,14.344,14.58,671.9,13.2|76.0,2|1,1,49920,1383.1,689.87,0
48,0.51482,83.858,1.87748,57.1,83.78,1.36265,0.0414757071662233,29.157,3.46,14.381,14.62,671.9,13.2|76.0,2|1,1,49920,1412.26,704.25,0
49,0.52646,83.522,1.76165,59.19,85.08,1.23519,0.04109124456257721,28.927,0.475,14.61,14.805,634.9,13.2|76.0,2|1,1,49920,1441.19,718.87,0
50,0.46603,85.188,1.64479,60.75,86.08,1.17876,0.04070017181194199,28.863,3.176,14.575,14.79,671.9,13.2|76.0,2|1,1,49920,1470.05,733.44,0
51,0.47161,85.21,1.81103,58.11,83.68,1.33943,0.040302649563691575,29.173,3.807,14.422,14.655,671.9,13.2|76.0,2|1,1,49920,1499.22,747.86,0
52,0.4745,84.754,1.90565,57.3,83.16,1.43115,0.03989884111659893,29.803,3.773,14.51,14.708,671.9,13.2|76.0,2|1,1,49920,1529.03,762.37,0
53,0.44756,85.733,1.84717,58.83,84.04,1.39961,0.03948891235175425,28.922,3.303,14.388,14.634,671.9,13.2|76.0,2|1,1,49920,1557.95,776.76,0
54,0.43623,86.17,1.77344,58.95,84.53,1.33721,0.03907303166442244,28.513,1.812,14.335,14.581,671.9,13.2|76.0,2|1,1,49920,1586.46,791.1,0
55,0.41861,86.593,1.64243,62.27,86.13,1.22382,0.03865136989486776,28.621,3.034,14.425,14.662,671.9,13.2|76.0,2|1,1,49920,1615.08,805.52,0
56,0.41812,86.595,1.79164,58.79,84.07,1.37352,0.03822410025817406,29.022,2.73,14.553,14.762,671.9,13.2|76.0,2|1,1,49920,1644.1,820.07,0
57,0.40516,87.157,1.88129,57.74,83.87,1.47612,0.03779139827308956,29.946,3.709,14.566,14.779,671.9,13.2|76.0,2|1,1,49920,1674.05,834.64,0
58,0.37698,88.025,1.74791,60.38,84.98,1.37093,0.037353441689925146,29.868,3.419,14.564,14.776,670.9,13.2|76.0,2|1,1,49920,1703.92,849.2,0
59,0.36596,88.45,1.73052,60.93,85.63,1.36456,0.03691041041753613,29.223,2.511,14.624,14.819,671.9,13.2|76.0,2|1,1,49920,1733.14,863.83,0
60,0.36728,88.361,1.86792,58.66,84.27,1.50064,0.03646248644941716,28.887,2.41,14.447,14.68,671.9,13.2|76.0,2|1,1,49920,1762.03,878.27,0
61,0.37403,88.235,1.7619,60.26,85.13,1.38787,0.03600985378894086,28.516,2.019,14.335,14.585,671.9,13.2|76.0,2|1,1,49920,1790.54,892.61,0
62,0.35763,88.668,1.73297,60.84,85.21,1.37534,0.0355526983737708,29.066,4.065,14.491,14.723,672.7,13.2|76.0,2|1,1,49920,1819.61,907.1,0
63,0.34622,89.151,1.64084,61.83,86.22,1.29462,0.035091207999479866,29.926,3.679,14.648,14.851,671.9,13.2|76.0,2|1,1,49920,1849.54,921.75,0
64,0.32969,89.647,1.78893,60.39,84.89,1.45924,0.03462557224240544,29.554,4.492,14.326,14.579,671.9,13.2|76.0,2|1,1,49920,1879.09,936.07,0
65,0.32392,89.836,1.73014,60.83,85.67,1.40623,0.03415598238177307,29.149,3.177,14.487,14.704,671.9,13.2|76.0,2|1,1,49920,1908.24,950.56,0
66,0.28845,90.871,1.60243,63.45,86.73,1.31398,0.0336826313211205,29.009,0.544,14.666,14.851,634.9,13.2|76.0,2|1,1,49920,1937.25,965.23,0
67,0.29318,90.771,1.9153,57.64,83.64,1.62212,0.03320571350905466,28.985,5.264,14.439,14.69,671.9,13.2|76.0,2|1,1,49920,1966.23,979.67,0
68,0.30898,90.367,1.75999,61.67,85.27,1.45101,0.032725424859373686,29.783,3.927,14.433,14.64,671.9,13.2|76.0,2|1,1,49920,1996.02,994.1,0
69,0.28656,90.933,1.75966,60.31,84.87,1.4731,0.032241962670587314,29.994,3.493,14.614,14.794,634.9,13.2|76.0,2|1,1,49920,2026.01,1008.71,0
70,0.27389,91.434,1.7713,61.22,85.32,1.49741,0.03175552554486822,29.189,4.181,14.489,14.728,671.9,13.2|76.0,2|1,1,49920,2055.2,1023.2,0
71,0.25968,91.989,1.71396,61.63,86.39,1.45428,0.031266313306468015,28.798,1.185,14.534,14.752,671.8,13.2|76.0,2|1,1,49920,2084.0,1037.74,0
72,0.24263,92.454,1.7688,61.23,85.91,1.52617,0.030774526919631087,29.221,2.718,14.623,14.809,671.9,13.2|76.0,2|1,1,49920,2113.22,1052.36,0
73,0.24652,92.228,1.7166,61.9,85.57,1.47009,0.03028036840604019,29.591,3.323,14.436,14.678,671.9,13.2|76.0,2|1,1,49920,2142.81,1066.8,0
74,0.25156,92.033,1.70989,62.37,85.77,1.45833,0.029784040761827658,30.155,4.265,14.591,14.796,634.9,13.2|76.0,2|1,1,49920,2172.96,1081.39,0
75,0.23797,92.584,1.76902,60.82,85.25,1.53105,0.029285747874186342,29.279,3.445,14.564,14.785,671.9,13.2|76.0,2|1,1,49920,2202.24,1095.95,0
76,0.21598,93.323,1.64589,63.67,86.66,1.4299,0.028785694437614417,29.009,1.804,14.578,14.782,641.2,13.2|76.0,2|1,1,49920,2231.25,1110.53,0
77,0.20109,93.718,1.78795,61.64,85.32,1.58686,0.028284085869828664,28.906,1.67,14.588,14.798,634.9,13.2|76.0,2|1,1,49920,2260.16,1125.12,0
78,0.21536,93.349,1.61856,63.71,86.49,1.4032,0.027781128227380592,29.352,4.352,14.574,14.792,671.8,13.2|76.0,2|1,1,49920,2289.51,1139.69,0
79,0.19917,93.808,1.6161,64.72,87.27,1.41693,0.027277028121010162,29.892,3.6,14.59,14.805,671.7,13.2|76.0,2|1,1,49920,2319.4,1154.28,0
80,0.19086,94.008,1.66935,63.46,86.66,1.47849,0.026771992630771825,29.874,4.029,14.591,14.778,671.9,13.2|76.0,2|1,1,49920,2349.28,1168.87,0
81,0.19176,93.93,1.77914,61.12,85.26,1.58738,0.02626622922096782,29.159,2.506,14.587,14.796,671.9,13.2|76.0,2|1,1,49920,2378.43,1183.46,0
82,0.17922,94.337,1.67471,63.53,87.24,1.49548,0.025759945654923573,28.911,2.434,14.609,14.804,671.9,13.2|76.0,2|1,1,49920,2407.35,1198.07,0
83,0.16285,95.006,1.62752,64.31,87.12,1.46467,0.025253349909640278,29.091,4.115,14.579,14.794,671.9,13.2|76.0,2|1,1,49920,2436.44,1212.65,0
84,0.1504,95.521,1.62998,64.37,86.99,1.47958,0.024746650090359732,29.962,3.28,14.587,14.774,671.9,13.2|76.0,2|1,1,49920,2466.4,1227.23,0
85,0.14366,95.669,1.65868,64.18,87.38,1.51502,0.024240054345076437,30.109,5.433,14.598,14.786,641.2,13.2|76.0,2|1,1,49920,2496.51,1241.83,0
86,0.14318,95.765,1.67647,64.13,86.73,1.53329,0.023733770779032187,29.091,3.9,14.5,14.726,671.9,13.2|76.0,2|1,1,49920,2525.6,1256.33,1
87,0.13006,96.084,1.62036,65.21,87.66,1.4903,0.023228007369228178,28.995,6.0,14.541,14.761,672.5,13.2|76.0,2|1,1,49920,2554.59,1270.87,0
88,0.12836,96.192,1.6827,63.88,86.29,1.55434,0.02272297187898984,29.648,4.537,14.574,14.774,671.9,13.2|76.0,2|1,1,49920,2584.24,1285.45,0
89,0.10947,96.817,1.60729,65.15,87.71,1.49783,0.022218871772619414,29.659,4.366,14.326,14.569,671.9,13.2|76.0,2|1,1,49920,2613.9,1299.77,0
90,0.10963,96.639,1.60183,65.44,87.31,1.4922,0.02171591413017134,30.255,4.705,14.536,14.746,671.9,13.2|76.0,2|1,1,49920,2644.16,1314.31,0
91,0.11063,96.725,1.623,64.81,87.35,1.51237,0.021214305562385592,29.523,4.118,14.628,14.825,671.9,13.2|76.0,2|1,1,49920,2673.68,1328.94,0
92,0.09935,97.059,1.54844,66.08,87.84,1.44909,0.020714252125813667,28.952,3.623,14.637,14.817,671.9,13.2|76.0,2|1,1,49920,2702.63,1343.57,0
93,0.09647,97.19,1.76955,62.62,85.8,1.67309,0.020215959238172345,29.768,4.61,14.517,14.747,671.9,13.2|76.0,2|1,1,49920,2732.4,1358.09,0
94,0.09091,97.386,1.54749,66.71,88.05,1.45658,0.019719631593959817,30.096,4.489,14.599,14.806,671.9,13.2|76.0,2|1,1,49920,2762.49,1372.69,0
95,0.08224,97.62,1.55786,66.37,88.01,1.47563,0.019225473080368916,29.755,6.379,14.405,14.638,671.9,13.2|76.0,2|1,1,49920,2792.25,1387.09,0
96,0.08469,97.596,1.597,65.17,87.87,1.51231,0.018733686693531985,29.129,5.039,14.435,14.673,671.9,13.2|76.0,2|1,1,49920,2821.38,1401.53,0
97,0.06499,98.239,1.50037,67.05,88.94,1.43538,0.01824447445513179,28.987,2.347,14.654,14.839,671.9,13.2|76.0,2|1,1,49920,2850.37,1416.18,0
98,0.05746,98.512,1.47354,67.84,89.03,1.41607,0.0177580373294127,28.937,4.258,14.403,14.648,671.9,13.2|76.0,2|1,1,49920,2879.3,1430.59,0
99,0.04687,98.854,1.42785,68.8,89.58,1.38097,0.017274575140626316,29.93,3.883,14.429,14.649,671.9,13.2|76.0,2|1,1,49920,2909.23,1445.01,0
100,0.03974,99.018,1.43226,68.82,89.21,1.39252,0.016794286490945342,30.09,4.982,14.629,14.823,671.9,13.2|76.0,2|1,1,49920,2939.32,1459.64,0
101,0.03646,99.165,1.40332,68.88,89.55,1.36686,0.016317368678879497,29.161,3.257,14.622,14.809,671.7,13.2|76.0,2|1,1,49920,2968.48,1474.27,0
102,0.03253,99.269,1.37708,69.93,90.03,1.34455,0.015844017618226933,28.705,2.977,14.476,14.703,671.9,13.2|76.0,2|1,1,49920,2997.19,1488.74,0
103,0.02792,99.377,1.36977,70.01,89.69,1.34185,0.01537442775759455,29.051,5.305,14.37,14.614,671.9,13.2|76.0,2|1,1,49920,3026.24,1503.11,0
104,0.0259,99.453,1.33308,69.98,90.11,1.30718,0.014908792000520142,30.062,3.775,14.539,14.751,634.9,13.2|76.0,2|1,1,49920,3056.3,1517.65,0
105,0.02114,99.571,1.33957,70.33,89.87,1.31844,0.014447301626229203,29.874,4.684,14.583,14.77,671.9,13.2|76.0,2|1,1,49920,3086.18,1532.23,0
106,0.01991,99.619,1.35156,70.08,89.91,1.33166,0.01399014621105914,29.582,4.028,14.597,14.783,671.9,13.2|76.0,2|1,1,49920,3115.76,1546.83,0
107,0.01432,99.772,1.28497,71.08,90.52,1.27065,0.013537513550582853,28.921,2.777,14.614,14.811,671.9,13.2|76.0,2|1,1,49920,3144.68,1561.44,0
108,0.01156,99.83,1.29358,70.8,90.65,1.28202,0.01308958958246388,29.159,4.915,14.571,14.795,641.2,13.2|76.0,2|1,1,49920,3173.84,1576.02,0
109,0.01076,99.844,1.27769,70.64,90.51,1.26693,0.01264655831007486,29.153,2.717,14.608,14.802,672.7,13.2|76.0,2|1,1,49920,3202.99,1590.62,0
110,0.00885,99.882,1.22938,71.64,90.69,1.22054,0.012208601726910446,29.703,5.432,14.356,14.607,671.9,13.2|76.0,2|1,1,49920,3232.69,1604.98,0
111,0.00743,99.914,1.20732,72.12,91.11,1.19989,0.011775899741825947,29.259,4.928,14.378,14.624,670.9,13.2|76.0,2|1,1,49920,3261.95,1619.36,0
112,0.00704,99.916,1.20017,72.31,91.13,1.19314,0.011348630105132252,29.077,3.576,14.53,14.73,671.9,13.2|76.0,2|1,1,49920,3291.03,1633.89,0
113,0.0065,99.928,1.18813,72.28,91.17,1.18163,0.010926968335577564,28.971,2.254,14.634,14.828,641.2,13.2|76.0,2|1,1,49920,3320.0,1648.52,0
114,0.00616,99.916,1.19015,72.49,91.48,1.18399,0.010511087648245758,28.939,5.531,14.46,14.702,671.9,13.2|76.0,2|1,1,49920,3348.94,1662.98,0
115,0.00644,99.92,1.1663,72.52,91.46,1.15986,0.010101158883401077,29.638,3.902,14.585,14.797,640.2,13.2|76.0,2|1,1,49920,3378.58,1677.57,0
116,0.00611,99.926,1.16316,72.5,91.51,1.15705,0.009697350436308427,29.986,3.631,14.655,14.855,671.9,13.2|76.0,2|1,1,49920,3408.56,1692.22,0
117,0.00611,99.918,1.15636,72.26,91.22,1.15026,0.009299828188058013,29.15,3.999,14.483,14.717,671.9,13.2|76.0,2|1,1,49920,3437.71,1706.7,0
118,0.00558,99.934,1.14589,72.8,91.63,1.14031,0.008908755437422792,28.523,3.134,14.307,14.552,671.9,13.2|76.0,2|1,1,49920,3466.24,1721.01,0
119,0.0057,99.938,1.14962,72.78,91.58,1.14392,0.008524292833776707,28.659,1.069,14.449,14.673,671.7,13.2|76.0,2|1,1,49920,3494.9,1735.46,0
120,0.00559,99.952,1.1379,72.91,91.53,1.1323,0.008146598311101316,29.168,4.484,14.67,14.851,671.9,13.2|76.0,2|1,1,49920,3524.06,1750.13,0
121,0.00566,99.94,1.13061,72.8,91.57,1.12495,0.007775827023107834,29.939,3.998,14.47,14.715,671.9,13.2|76.0,2|1,1,49920,3554.0,1764.6,0
122,0.00527,99.952,1.1285,73.18,91.72,1.12323,0.007412131279501297,29.912,4.104,14.65,14.837,641.8,13.2|76.0,2|1,1,49920,3583.91,1779.25,0
123,0.00527,99.948,1.13237,73.04,91.72,1.1271,0.007055660483413029,28.827,3.212,14.502,14.734,671.9,13.2|76.0,2|1,1,49920,3612.74,1793.75,0
124,0.00533,99.954,1.12425,73.05,91.68,1.11892,0.006706561070027109,28.812,0.956,14.552,14.771,671.7,13.2|76.0,2|1,1,49920,3641.55,1808.3,0
125,0.00538,99.946,1.1183,73.05,91.9,1.11292,0.00636497644642601,29.158,3.165,14.65,14.846,672.7,13.2|76.0,2|1,1,49920,3670.71,1822.95,0
126,0.00533,99.95,1.12972,73.14,91.6,1.12439,0.006031046932680229,29.781,3.904,14.455,14.696,672.7,13.2|76.0,2|1,1,49920,3700.49,1837.41,0
127,0.00544,99.94,1.11411,73.48,91.89,1.10867,0.005704909704205949,29.761,3.998,14.45,14.679,671.9,13.2|76.0,2|1,1,49920,3730.25,1851.86,0
128,0.00505,99.956,1.11306,73.38,91.8,1.10802,0.005386698735414572,29.536,3.791,14.545,14.758,671.9,13.2|76.0,2|1,1,49920,3759.79,1866.4,0
129,0.00518,99.96,1.11302,73.38,91.84,1.10784,0.005076544744677128,29.003,0.557,14.654,14.834,634.9,13.2|76.0,2|1,1,49920,3788.79,1881.06,0
130,0.00518,99.96,1.11564,73.32,91.8,1.11045,0.004774575140626317,28.909,2.629,14.504,14.734,671.9,13.2|76.0,2|1,1,49920,3817.7,1895.56,0
131,0.00516,99.96,1.10963,73.29,91.84,1.10447,0.004480913969818099,29.893,3.69,14.485,14.711,671.9,13.2|76.0,2|1,1,49920,3847.59,1910.05,0
132,0.00525,99.954,1.10898,73.33,91.87,1.10373,0.004195681865774406,30.066,3.291,14.662,14.851,671.9,13.2|76.0,2|1,1,49920,3877.66,1924.71,0
133,0.0051,99.956,1.10916,73.4,91.96,1.10406,0.003918995999427949,29.2,3.617,14.388,14.626,671.9,13.2|76.0,2|1,1,49920,3906.86,1939.1,0
134,0.00518,99.958,1.10571,73.51,91.89,1.10053,0.003650970030989362,28.75,2.917,14.431,14.668,671.9,13.2|76.0,2|1,1,49920,3935.61,1953.53,0
135,0.00505,99.968,1.10702,73.54,91.8,1.10197,0.0033917140632565624,28.824,0.991,14.555,14.77,634.9,13.2|76.0,2|1,1,49920,3964.43,1968.08,0
136,0.00494,99.962,1.1047,73.34,91.82,1.09976,0.003141334596385448,29.264,4.295,14.667,14.866,671.9,13.2|76.0,2|1,1,49920,3993.7,1982.75,0
137,0.00502,99.962,1.1049,73.32,91.96,1.09988,0.0028999344841405374,29.52,3.77,14.471,14.7,672.7,13.2|76.0,2|1,1,49920,4023.22,1997.22,0
138,0.00505,99.96,1.10263,73.52,91.84,1.09758,0.0026676128916435257,29.531,3.294,14.469,14.678,671.9,13.2|76.0,2|1,1,49920,4052.75,2011.69,0
139,0.00505,99.962,1.10256,73.53,92.01,1.09751,0.002444465254637063,29.152,2.16,14.659,14.846,671.9,13.2|76.0,2|1,1,49920,4081.9,2026.35,0
140,0.00483,99.968,1.10585,73.5,91.81,1.10103,0.0022305832402805897,28.92,0.818,14.613,14.803,634.9,13.2|76.0,2|1,1,49920,4110.82,2040.96,0
141,0.00498,99.962,1.10273,73.56,91.93,1.09775,0.002026054709494235,29.131,5.29,14.533,14.759,671.9,13.2|76.0,2|1,1,49920,4139.95,2055.5,0
142,0.00503,99.964,1.10204,73.6,91.99,1.09701,0.001830963680866285,30.084,3.722,14.683,14.864,671.9,13.2|76.0,2|1,1,49920,4170.04,2070.18,0
143,0.00516,99.96,1.10367,73.67,91.84,1.0985,0.0016453902961390738,29.661,4.991,14.374,14.612,671.9,13.2|76.0,2|1,1,49920,4199.7,2084.55,0
144,0.00484,99.976,1.10002,73.48,92.0,1.09518,0.0014694107872874175,28.802,2.924,14.349,14.596,671.9,13.2|76.0,2|1,1,49920,4228.5,2098.9,0
145,0.00489,99.972,1.10237,73.57,92.07,1.09748,0.001303097445203183,28.824,2.095,14.535,14.741,671.9,13.2|76.0,2|1,1,49920,4257.32,2113.44,0
146,0.00499,99.962,1.09946,73.68,91.84,1.09448,0.0011465185899987797,29.246,2.714,14.696,14.881,634.9,13.2|76.0,2|1,1,49920,4286.57,2128.13,0
147,0.00494,99.962,1.09966,73.58,91.94,1.09472,0.0009997385429418553,29.875,3.867,14.49,14.719,671.9,13.2|76.0,2|1,1,49920,4316.44,2142.62,0
148,0.00486,99.98,1.10155,73.59,91.93,1.09668,0.0008628176000326616,30.13,4.103,14.608,14.793,671.9,13.2|76.0,2|1,1,49920,4346.57,2157.23,0
149,0.00493,99.964,1.09893,73.73,92.04,1.094,0.0007358120072349595,29.122,2.79,14.453,14.699,671.9,13.2|76.0,2|1,1,49920,4375.7,2171.68,0
150,0.00493,99.964,1.10006,73.69,91.98,1.09513,0.0006187739373706508,28.855,3.981,14.491,14.708,672.7,13.2|76.0,2|1,1,49920,4404.55,2186.17,0
151,0.0049,99.97,1.10014,73.52,92.11,1.09525,0.0005117514686876379,29.01,3.349,14.653,14.829,672.7,13.2|76.0,2|1,1,49920,4433.56,2200.83,0
152,0.00485,99.98,1.10004,73.61,92.02,1.0952,0.0004147885651096861,29.773,4.294,14.578,14.798,671.9,13.2|76.0,2|1,1,49920,4463.33,2215.41,0
153,0.00486,99.974,1.09855,73.6,91.95,1.09369,0.0003279250581763982,30.007,3.589,14.647,14.846,672.7,13.2|76.0,2|1,1,49920,4493.34,2230.05,0
154,0.00492,99.966,1.09988,73.49,91.92,1.09496,0.0002511966306807723,28.847,1.46,14.537,14.755,671.9,13.2|76.0,2|1,1,49920,4522.19,2244.59,0
155,0.00496,99.972,1.0989,73.58,92.06,1.09394,0.00018463480201101335,29.521,3.738,14.518,14.744,671.9,13.2|76.0,2|1,1,49920,4551.71,2259.11,0
156,0.00473,99.976,1.09748,73.65,91.96,1.09275,0.00012826691520262113,29.095,2.344,14.677,14.853,671.9,13.2|76.0,2|1,1,49920,4580.8,2273.78,0
157,0.00483,99.98,1.09978,73.58,91.94,1.09495,8.211612570611926e-05,28.865,4.143,14.551,14.768,671.9,13.2|76.0,2|1,1,49920,4609.67,2288.34,0
158,0.00483,99.976,1.09945,73.57,91.92,1.09462,4.620139187497819e-05,29.315,4.079,14.499,14.727,671.9,13.2|76.0,2|1,1,49920,4638.98,2302.83,0
159,0.00488,99.976,1.09936,73.52,91.97,1.09448,2.0537467177692006e-05,29.904,3.653,14.629,14.828,671.9,13.2|76.0,2|1,1,49920,4668.89,2317.46,0
160,0.0049,99.974,1.09976,73.48,91.97,1.09486,5.134894137179269e-06,29.369,2.859,14.539,14.756,641.2,13.2|76.0,2|1,1,49920,4698.26,2332.0,0
